{
  "experiment": "n20000_seed1_cost_aware_a02",
  "graph_size": 20000,
  "algorithm_name": "cost_aware_a02",
  "deleted": [
    "n6988",
    "n4216",
    "n2010",
    "n14428",
    "n3768",
    "n16574",
    "n10368",
    "n18517",
    "n12341",
    "n15561",
    "n4868",
    "n18385",
    "n8262",
    "n4363",
    "n8469"
  ],
  "recomputed": [
    "n6167",
    "n19434",
    "n12838",
    "n19283",
    "n19050",
    "n17026",
    "n8672",
    "n7900"
  ],
  "initial_nodes": [
    "n4363",
    "n18517",
    "n2010",
    "n8262",
    "n3768"
  ],
  "runtime_sec": 0.10510500008240342,
  "deleted_size": 15,
  "recomputed_size": 8,
  "initial_size": 5,
  "raw_cost": 23.0,
  "normalized_cost": 0.00115,
  "weighted_cost": 4.6,
  "relative_cost": null,
  "exact_deleted_size": null,
  "exact_solution": null,
  "naive_deleted_size": 28,
  "naive_raw_cost": 28.0,
  "relative_cost_naive": 0.8214285714285714,
  "metadata": {
    "graph_size": 20000,
    "seed": 1,
    "algo_name": "cost_aware_a02",
    "alpha": 0.2
  }
}