{
  "experiment": "n100000_seed2_greedy",
  "graph_size": 100000,
  "algorithm_name": "greedy",
  "deleted": [
    "n89403",
    "n59565",
    "n84459",
    "n59805",
    "n73759",
    "n15182",
    "n65342",
    "n44208",
    "n10243",
    "n99739",
    "n69980",
    "n90686",
    "n78764",
    "n15714",
    "n73010",
    "n17989",
    "n38609",
    "n57735",
    "n80549",
    "n23550",
    "n99669",
    "n94838",
    "n47341",
    "n73109",
    "n13202",
    "n83545",
    "n68170",
    "n61576",
    "n25919",
    "n96443",
    "n22056",
    "n11120",
    "n21213",
    "n50577",
    "n60874",
    "n67524",
    "n64332",
    "n97958",
    "n26441",
    "n73297",
    "n79106",
    "n60936",
    "n75086",
    "n86984",
    "n21170",
    "n20474",
    "n45763",
    "n10572",
    "n40409",
    "n67018",
    "n32157",
    "n50918",
    "n7301",
    "n90867",
    "n22328",
    "n12017",
    "n97549",
    "n37985",
    "n9530",
    "n31713",
    "n28712",
    "n94598",
    "n90836",
    "n40803",
    "n23296",
    "n79005",
    "n29957",
    "n23309",
    "n15854",
    "n60707",
    "n22393",
    "n34431",
    "n90034",
    "n68164",
    "n79645",
    "n15930",
    "n30113",
    "n13277",
    "n89116"
  ],
  "recomputed": [],
  "initial_nodes": [
    "n7301",
    "n12017",
    "n11120",
    "n47341",
    "n22393"
  ],
  "runtime_sec": 0.21013449993915856,
  "deleted_size": 79,
  "recomputed_size": 0,
  "initial_size": 5,
  "raw_cost": 79.0,
  "normalized_cost": 0.00079,
  "weighted_cost": 15.8,
  "relative_cost": null,
  "exact_deleted_size": null,
  "exact_solution": null,
  "naive_deleted_size": 79,
  "naive_raw_cost": 79.0,
  "relative_cost_naive": 1.0,
  "metadata": {
    "graph_size": 100000,
    "seed": 2,
    "algo_name": "greedy"
  }
}