{
  "experiment": "n100000_seed2_cost_aware_a08",
  "graph_size": 100000,
  "algorithm_name": "cost_aware_a08",
  "deleted": [
    "n9530",
    "n11120",
    "n28712",
    "n21213",
    "n60874",
    "n15182",
    "n60936",
    "n22393",
    "n90686",
    "n47341",
    "n13202",
    "n83545",
    "n68170",
    "n13277",
    "n7301",
    "n12017"
  ],
  "recomputed": [
    "n68164",
    "n78764",
    "n31713",
    "n15714",
    "n23296",
    "n32157",
    "n29957",
    "n65342",
    "n61576",
    "n10572",
    "n15930",
    "n79645",
    "n80549",
    "n25919",
    "n10243"
  ],
  "initial_nodes": [
    "n7301",
    "n12017",
    "n11120",
    "n47341",
    "n22393"
  ],
  "runtime_sec": 0.24100240017287433,
  "deleted_size": 16,
  "recomputed_size": 15,
  "initial_size": 5,
  "raw_cost": 31.0,
  "normalized_cost": 0.00031,
  "weighted_cost": 6.2,
  "relative_cost": null,
  "exact_deleted_size": null,
  "exact_solution": null,
  "naive_deleted_size": 79,
  "naive_raw_cost": 79.0,
  "relative_cost_naive": 0.3924050632911392,
  "metadata": {
    "graph_size": 100000,
    "seed": 2,
    "algo_name": "cost_aware_a08",
    "alpha": 0.8
  }
}