{
  "experiment": "n200000_seed1_cost_aware_a08",
  "graph_size": 200000,
  "algorithm_name": "cost_aware_a08",
  "deleted": [
    "n46015",
    "n104901",
    "n151519",
    "n16626",
    "n35610",
    "n31280",
    "n67407",
    "n74866",
    "n149789",
    "n174227"
  ],
  "recomputed": [
    "n91288",
    "n79592",
    "n43419"
  ],
  "initial_nodes": [
    "n35610",
    "n149789",
    "n16626",
    "n67407",
    "n31280"
  ],
  "runtime_sec": 0.6255455000791699,
  "deleted_size": 10,
  "recomputed_size": 3,
  "initial_size": 5,
  "raw_cost": 13.0,
  "normalized_cost": 6.5e-05,
  "weighted_cost": 2.6,
  "relative_cost": null,
  "exact_deleted_size": null,
  "exact_solution": null,
  "naive_deleted_size": 17,
  "naive_raw_cost": 17.0,
  "relative_cost_naive": 0.7647058823529411,
  "metadata": {
    "graph_size": 200000,
    "seed": 1,
    "algo_name": "cost_aware_a08",
    "alpha": 0.8
  }
}