{
  "experiment": "n200000_seed0_naive",
  "graph_size": 200000,
  "algorithm_name": "naive",
  "deleted": [
    "n67390",
    "n165568",
    "n195875",
    "n10708",
    "n147914",
    "n126809",
    "n117649",
    "n169078",
    "n162008",
    "n154760",
    "n139621",
    "n164008",
    "n165673",
    "n197698",
    "n104624",
    "n106165",
    "n187601",
    "n100698",
    "n141431",
    "n105463",
    "n85593",
    "n11589",
    "n174455",
    "n136254",
    "n109673"
  ],
  "recomputed": [],
  "initial_nodes": [
    "n100698",
    "n197698",
    "n109673",
    "n10708",
    "n67390"
  ],
  "runtime_sec": 1.262029099976644,
  "deleted_size": 25,
  "recomputed_size": 0,
  "initial_size": 5,
  "raw_cost": 25.0,
  "normalized_cost": 0.000125,
  "weighted_cost": 5.0,
  "relative_cost": null,
  "exact_deleted_size": null,
  "exact_solution": null,
  "naive_deleted_size": 25,
  "naive_raw_cost": 25.0,
  "relative_cost_naive": 1.0,
  "metadata": {
    "graph_size": 200000,
    "seed": 0,
    "algo_name": "naive"
  }
}