{
  "experiment": "n20000_seed0_naive",
  "graph_size": 20000,
  "algorithm_name": "naive",
  "deleted": [
    "n18860",
    "n16667",
    "n14688",
    "n3377",
    "n11314",
    "n19624",
    "n17160",
    "n3493",
    "n13101",
    "n14305",
    "n17094",
    "n14073",
    "n1360",
    "n13038",
    "n15587",
    "n16982",
    "n16219",
    "n11939",
    "n19079",
    "n8520",
    "n14292",
    "n11803",
    "n11506",
    "n14367",
    "n7435",
    "n15284",
    "n8687"
  ],
  "recomputed": [],
  "initial_nodes": [
    "n13038",
    "n14073",
    "n1360",
    "n8687",
    "n17094"
  ],
  "runtime_sec": 0.022395400097593665,
  "deleted_size": 27,
  "recomputed_size": 0,
  "initial_size": 5,
  "raw_cost": 27.0,
  "normalized_cost": 0.00135,
  "weighted_cost": 5.4,
  "relative_cost": null,
  "exact_deleted_size": null,
  "exact_solution": null,
  "naive_deleted_size": 27,
  "naive_raw_cost": 27.0,
  "relative_cost_naive": 1.0,
  "metadata": {
    "graph_size": 20000,
    "seed": 0,
    "algo_name": "naive"
  }
}