{
  "experiment": "n50000_seed1_cost_aware_a08",
  "graph_size": 50000,
  "algorithm_name": "cost_aware_a08",
  "deleted": [
    "n36803",
    "n4199",
    "n18614",
    "n8811",
    "n35817",
    "n4484",
    "n16737",
    "n49708",
    "n38548"
  ],
  "recomputed": [
    "n8368",
    "n38228",
    "n9173",
    "n13960",
    "n29894",
    "n41212",
    "n17631",
    "n18950",
    "n10277"
  ],
  "initial_nodes": [
    "n8811",
    "n36803",
    "n49708",
    "n4199",
    "n16737"
  ],
  "runtime_sec": 0.08960049995221198,
  "deleted_size": 9,
  "recomputed_size": 9,
  "initial_size": 5,
  "raw_cost": 18.0,
  "normalized_cost": 0.00036,
  "weighted_cost": 3.6,
  "relative_cost": null,
  "exact_deleted_size": null,
  "exact_solution": null,
  "naive_deleted_size": 35,
  "naive_raw_cost": 35.0,
  "relative_cost_naive": 0.5142857142857142,
  "metadata": {
    "graph_size": 50000,
    "seed": 1,
    "algo_name": "cost_aware_a08",
    "alpha": 0.8
  }
}